Bulbasaur,Grass,Poison,1,45,49,49,65,65,45
Ivysaur,Grass,Poison,1,60,62,63,80,80,60
Venusaur,Grass,Poison,1,80,82,83,100,100,80
Mega Venusaur,Grass,Poison,6,80,100,123,122,120,80
Charmander,Fire,None,1,39,52,43,60,50,65
Charmeleon,Fire,None,1,58,64,58,80,65,80
Charizard,Fire,Flying,1,78,84,78,109,85,100
Mega Charizard X,Fire,Dragon,6,78,130,111,130,85,100
Mega Charizard Y,Fire,Flying,6,78,104,78,159,115,100
Squirtle,Water,None,1,44,48,65,50,64,43
Wartortle,Water,None,1,59,63,80,65,80,58
Blastoise,Water,None,1,79,83,100,85,105,78
Mega Blastoise,Water,None,6,79,103,120,135,115,78
Caterpie,Bug,None,1,45,30,35,20,20,45
Metapod,Bug,None,1,50,20,55,25,25,30
Butterfree,Bug,Flying,1,60,45,50,90,80,70
Weedle,Bug,Poison,1,40,35,30,20,20,50
Kakuna,Bug,Poison,1,45,25,50,25,25,35
Beedrill,Bug,Poison,1,65,90,40,45,80,75
Mega Beedrill,Bug,Poison,6,65,150,40,15,80,145
Pidgey,Normal,Flying,1,40,45,40,35,35,56
Pidgeotto,Normal,Flying,1,63,60,55,50,50,71
Pidgeot,Normal,Flying,1,83,80,75,70,70,101
Mega Pidgeot,Normal,Flying,6,83,80,80,135,80,121
Rattata,Normal,None,1,30,56,35,25,35,72
Alolan Rattata,Dark,Normal,7,30,56,35,25,35,72
Raticate,Normal,None,1,55,81,60,50,70,97
Alolan Raticate,Dark,Normal,7,75,71,70,40,80,77
Spearow,Normal,Flying,1,40,60,30,31,31,70
Fearow,Normal,Flying,1,65,90,65,61,61,100
Ekans,Poison,None,1,35,60,44,40,54,55
Arbok,Poison,None,1,60,95,69,65,79,80
Pikachu,Electric,None,1,35,55,40,50,50,90
Raichu,Electric,None,1,60,90,55,90,80,110
Alolan Raichu,Electric,Psychic,7,60,85,50,95,85,110
Sandshrew,Ground,None,1,50,75,85,20,30,40
Alolan Sandshrew,Ice,Steel,7,50,75,90,10,35,40
Sandslash,Ground,None,1,75,100,110,45,55,65
Alolan Sandslash,Ice,Steel,7,75,100,120,25,65,65
Nidoran♀,Poison,None,1,55,47,52,40,40,41
Nidorina,Poison,None,1,70,62,67,55,55,56
Nidoqueen,Poison,Ground,1,90,92,87,75,85,76
Nidoran♂,Poison,None,1,46,57,40,40,40,50
Nidorino,Poison,None,1,61,72,57,55,55,65
Nidoking,Poison,Ground,1,81,102,77,85,75,85
Clefairy,Fairy,None,1,70,45,48,60,65,35
Clefable,Fairy,None,1,95,70,73,95,90,60
Vulpix,Fire,None,1,38,41,40,50,65,65
Alolan Vulpix,Ice,None,7,38,41,40,50,65,65
Ninetales,Fire,None,1,73,76,75,81,100,100
Alolan Ninetales,Ice,Fairy,7,73,67,75,81,100,109
Jigglypuff,Normal,Fairy,1,115,45,20,45,25,20
Wigglytuff,Normal,Fairy,1,140,70,45,85,50,45
Zubat,Poison,Flying,1,40,45,35,30,40,55
Golbat,Poison,Flying,1,75,80,70,65,75,90
Oddish,Grass,Poison,1,45,50,55,75,65,30
Gloom,Grass,Poison,1,60,65,70,85,75,40
Vileplume,Grass,Poison,1,75,80,85,110,90,50
Paras,Bug,Grass,1,35,70,55,45,55,25
Parasect,Bug,Grass,1,60,95,80,60,80,30
Venonat,Bug,Poison,1,60,55,50,40,55,45
Venomoth,Bug,Poison,1,70,65,60,90,75,90
Diglett,Ground,None,1,10,55,25,35,45,95
Alolan Diglett,Ground,Steel,7,10,55,30,35,45,90
Dugtrio,Ground,None,1,35,100,50,50,70,120
Alolan Dugtrio,Ground,Steel,7,35,100,60,50,70,110
Meowth,Normal,None,1,40,45,35,40,40,90
Alolan Meowth,Dark,None,7,40,35,35,50,40,90
Galarian Meowth,Steel,None,8,50,65,55,40,40,40
Persian,Normal,None,1,65,70,60,65,65,115
Alolan Persian,Dark,None,7,65,60,60,75,65,115
Psyduck,Water,None,1,50,52,48,65,50,55
Golduck,Water,None,1,80,82,78,95,80,85
Mankey,Fighting,None,1,40,80,35,35,45,70
Primeape,Fighting,None,1,65,105,60,60,70,95
Growlithe,Fire,None,1,55,70,45,70,50,60
Hisuian Growlithe,Fire,Rock,9,60,75,45,65,50,55
Arcanine,Fire,None,1,90,110,80,100,80,95
Hisuian Arcanine,Fire,Rock,9,95,115,80,95,80,90
Poliwag,Water,None,1,40,50,40,40,40,90
Poliwhirl,Water,None,1,65,65,65,50,50,90
Poliwrath,Water,Fighting,1,90,95,95,70,90,70
Abra,Psychic,None,1,25,20,15,105,55,90
Kadabra,Psychic,None,1,40,35,30,120,70,105
Alakazam,Psychic,None,1,55,50,45,135,95,120
Mega Alakazam,Psychic,None,6,55,50,65,175,105,150
Machop,Fighting,None,1,70,80,50,35,35,35
Machoke,Fighting,None,1,80,100,70,50,60,45
Machamp,Fighting,None,1,90,130,80,65,85,55
Bellsprout,Grass,Poison,1,50,75,35,70,30,40
Weepinbell,Grass,Poison,1,65,90,50,85,45,55
Victreebel,Grass,Poison,1,80,105,65,100,70,70
Tentacool,Water,Poison,1,40,40,35,50,100,70
Tentacruel,Water,Poison,1,80,70,65,80,120,100
Geodude,Rock,Ground,1,40,80,100,30,30,20
Alolan Geodude,Rock,Electric,7,40,80,100,30,30,20
Graveler,Rock,Ground,1,55,95,115,45,45,35
Alolan Graveler,Rock,Electric,7,55,95,115,45,45,35
Golem,Rock,Ground,1,80,120,130,55,65,45
Alolan Golem,Rock,Electric,7,80,120,130,55,65,45
Ponyta,Fire,None,1,50,85,55,65,65,90
Galarian Ponyta,Psychic,None,8,50,85,55,65,65,90
Rapidash,Fire,None,1,65,100,70,80,80,105
Galarian Rapidash,Psychic,Fairy,8,65,100,70,80,80,105
Slowpoke,Water,Psychic,1,90,65,65,40,40,15
Galarian Slowpoke,Psychic,None,8,90,65,65,40,40,15
Slowbro,Water,Psychic,1,95,75,110,100,80,30
Mega Slowbro,Water,Psychic,6,95,75,180,130,80,30
Galarian Slowbro,Poison,Psychic,8,95,100,95,100,70,30
Magnemite,Electric,Steel,1,25,35,70,95,55,45
Magneton,Electric,Steel,1,50,60,95,120,70,70
Farfetch'd,Normal,Flying,1,52,90,55,58,62,60
Galarian Farfetch'd,Fighting,None,8,52,95,55,58,62,55
Doduo,Normal,Flying,1,35,85,45,35,35,75
Dodrio,Normal,Flying,1,60,110,70,60,60,110
Seel,Water,None,1,65,45,55,45,70,45
Dewgong,Water,Ice,1,90,70,80,70,95,70
Grimer,Poison,None,1,80,80,50,40,50,25
Alolan Grimer,Poison,Dark,7,80,80,50,40,50,25
Muk,Poison,None,1,105,105,75,65,100,50
Alolan Muk,Poison,Dark,7,105,105,75,65,100,50
Shellder,Water,None,1,30,65,100,45,25,40
Cloyster,Water,Ice,1,50,95,180,85,45,70
Gastly,Ghost,Poison,1,30,35,30,100,35,80
Haunter,Ghost,Poison,1,45,50,45,115,55,95
Gengar,Ghost,Poison,1,60,65,60,130,75,110
Mega Gengar,Ghost,Poison,6,60,65,80,170,95,130
Onix,Rock,Ground,1,35,45,160,30,45,70
Drowzee,Psychic,None,1,60,48,45,43,90,42
Hypno,Psychic,None,1,85,73,70,73,115,67
Krabby,Water,None,1,30,105,90,25,25,50
Kingler,Water,None,1,55,130,115,50,50,75
Voltorb,Electric,None,1,40,30,50,55,55,100
Hisuian Voltorb,Electric,Grass,9,40,30,50,55,55,100
Electrode,Electric,None,1,60,50,70,80,80,150
Hisuian Electrode,Electric,Grass,9,60,50,70,80,80,150
Exeggcute,Grass,Psychic,1,60,40,80,60,45,40
Exeggutor,Grass,Psychic,1,95,95,85,125,75,55
Alolan Exeggutor,Grass,Dragon,7,95,105,85,125,75,45
Cubone,Ground,None,1,50,50,95,40,50,35
Marowak,Ground,None,1,60,80,110,50,80,45
Alolan Marowak,Fire,Ghost,7,60,80,110,50,80,45
Hitmonlee,Fighting,None,1,50,120,53,35,110,87
Hitmonchan,Fighting,None,1,50,105,79,35,110,76
Lickitung,Normal,None,1,90,55,75,60,75,30
Koffing,Poison,None,1,40,65,95,60,45,35
Weezing,Poison,None,1,65,90,120,85,70,60
Galarian Weezing,Poison,Fairy,8,65,90,120,85,70,60
Rhyhorn,Ground,Rock,1,80,85,95,30,30,25
Rhydon,Ground,Rock,1,105,130,120,45,45,40
Chansey,Normal,None,1,250,5,5,35,105,50
Tangela,Grass,None,1,65,55,115,100,40,60
Kangaskhan,Normal,None,1,105,95,80,40,80,90
Mega Kangaskhan,Normal,None,6,105,125,100,60,100,100
Horsea,Water,None,1,30,40,70,70,25,60
Seadra,Water,None,1,55,65,95,95,45,85
Goldeen,Water,None,1,45,67,60,35,50,63
Seaking,Water,None,1,80,92,65,65,80,68
Staryu,Water,None,1,30,45,55,70,55,85
Starmie,Water,Psychic,1,60,75,85,100,85,115
Mr. Mime,Psychic,Fairy,1,40,45,65,100,120,90
Galarian Mr. Mime,Ice,Psychic,8,50,65,65,90,90,100
Scyther,Bug,Flying,1,70,110,80,55,80,105
Jynx,Ice,Psychic,1,65,50,35,115,95,95
Electabuzz,Electric,None,1,65,83,57,95,85,105
Magmar,Fire,None,1,65,95,57,100,85,93
Pinsir,Bug,None,1,65,125,100,55,70,85
Mega Pinsir,Bug,Flying,6,65,155,120,65,90,105
Tauros,Normal,None,1,75,100,95,40,70,110
Combat Breed Tauros,Fighting,None,1,75,110,105,30,70,100
Blaze Breed Tauros,Fighting,Fire,1,75,110,105,30,70,100
Aqua Breed Tauros,Fighting,Water,1,75,110,105,30,70,100
Magikarp,Water,None,1,20,10,55,15,20,80
Gyarados,Water,Flying,1,95,125,79,60,100,81
Mega Gyarados,Water,Dark,6,95,155,109,70,130,81
Lapras,Water,Ice,1,130,85,80,85,95,60
Ditto,Normal,None,1,48,48,48,48,48,48
Eevee,Normal,None,1,55,55,50,45,65,55
Vaporeon,Water,None,1,130,65,60,110,95,65
Jolteon,Electric,None,1,65,65,60,110,95,130
Flareon,Fire,None,1,65,130,60,95,110,65
Porygon,Normal,None,1,65,60,70,85,75,40
Omanyte,Rock,Water,1,35,40,100,90,55,35
Omastar,Rock,Water,1,70,60,125,115,70,55
Kabuto,Rock,Water,1,30,80,90,55,45,55
Kabutops,Rock,Water,1,60,115,105,65,70,80
Aerodactyl,Rock,Flying,1,80,105,65,60,75,130
Mega Aerodactyl,Rock,Flying,6,80,135,85,70,95,150
Snorlax,Normal,None,1,160,110,65,65,110,30
Articuno,Ice,Flying,1,90,85,100,95,125,85
Galarian Articuno,Psychic,Flying,8,90,85,85,125,100,95
Zapdos,Electric,Flying,1,90,90,85,125,90,100
Galarian Zapdos,Fighting,Flying,8,90,125,90,85,90,100
Moltres,Fire,Flying,1,90,100,90,125,85,90
Galarian Moltres,Dark,Flying,8,90,85,90,100,125,90
Dratini,Dragon,None,1,41,64,45,50,50,50
Dragonair,Dragon,None,1,61,84,65,70,70,70
Dragonite,Dragon,Flying,1,91,134,95,100,100,80
Mewtwo,Psychic,None,1,106,110,90,154,90,130
Mega Mewtwo X,Psychic,Fighting,6,106,190,100,154,100,130
Mega Mewtwo Y,Psychic,None,6,106,150,70,194,120,140
Mew,Psychic,None,1,100,100,100,100,100,100
Chikorita,Grass,None,2,45,49,65,49,65,45
Bayleef,Grass,None,2,60,62,80,63,80,60
Meganium,Grass,None,2,80,82,100,83,100,80
Cyndaquil,Fire,None,2,39,52,43,60,50,65
Quilava,Fire,None,2,58,64,58,80,65,80
Typhlosion,Fire,None,2,78,84,78,109,85,100
Hisuian Typhlosion,Fire,Ghost,9,73,84,78,119,85,95
Totodile,Water,None,2,50,65,64,44,48,43
Croconaw,Water,None,2,65,80,80,59,63,58
Feraligatr,Water,None,2,85,105,100,79,83,78
Sentret,Normal,None,2,35,46,34,35,45,20
Furret,Normal,None,2,85,76,64,45,55,90
Hoothoot,Normal,Flying,2,60,30,30,36,56,50
Noctowl,Normal,Flying,2,100,50,50,86,96,70
Ledyba,Bug,Flying,2,40,20,30,40,80,55
Ledian,Bug,Flying,2,55,35,50,55,110,85
Spinarak,Bug,Poison,2,40,60,40,40,40,30
Ariados,Bug,Poison,2,70,90,70,60,70,40
Crobat,Poison,Flying,2,85,90,80,70,80,130
Chinchou,Water,Electric,2,75,38,38,56,56,67
Lanturn,Water,Electric,2,125,58,58,76,76,67
Pichu,Electric,None,2,20,40,15,35,35,60
Cleffa,Fairy,None,2,50,25,28,45,55,15
Igglybuff,Normal,Fairy,2,90,30,15,40,20,15
Togepi,Fairy,None,2,35,20,65,40,65,20
Togetic,Fairy,Flying,2,55,40,85,80,105,40
Natu,Psychic,Flying,2,40,50,45,70,45,70
Xatu,Psychic,Flying,2,65,75,70,95,70,95
Mareep,Electric,None,2,55,40,40,65,45,35
Flaaffy,Electric,None,2,70,55,55,80,60,45
Ampharos,Electric,None,2,90,75,85,115,90,55
Mega Ampharos,Electric,Dragon,6,90,95,105,165,110,45
Bellossom,Grass,None,2,75,80,95,90,100,50
Marill,Water,Fairy,2,70,20,50,20,50,40
Azumarill,Water,Fairy,2,100,50,80,60,80,50
Sudowoodo,Rock,None,2,70,100,115,30,65,30
Politoed,Water,None,2,90,75,75,90,100,70
Hoppip,Grass,Flying,2,35,35,40,35,55,50
Skiploom,Grass,Flying,2,55,45,50,45,65,80
Jumpluff,Grass,Flying,2,75,55,70,55,95,110
Aipom,Normal,None,2,55,70,55,40,55,85
Sunkern,Grass,None,2,30,30,30,30,30,30
Sunflora,Grass,None,2,75,75,55,105,85,30
Yanma,Bug,Flying,2,65,65,45,75,45,95
Wooper,Water,Ground,2,55,45,45,25,25,15
Paldean Wooper,Poison,Ground,9,55,45,45,25,25,15
Quagsire,Water,Ground,2,95,85,85,65,65,35
Espeon,Psychic,None,2,65,65,60,130,95,110
Umbreon,Dark,None,2,95,65,110,60,130,65
Murkrow,Dark,Flying,2,60,85,42,85,42,91
Slowking,Water,Psychic,2,95,75,80,100,110,30
Galarian Slowking,Poison,Psychic,8,95,65,80,110,110,30
Misdreavus,Ghost,None,2,60,60,60,85,85,85
Unown,Psychic,None,2,48,72,48,72,48,48
Wobbuffet,Psychic,None,2,190,33,58,33,58,33
Girafarig,Normal,Psychic,2,70,80,65,90,65,85
Pineco,Bug,None,2,50,65,90,35,35,15
Forretress,Bug,Steel,2,75,90,140,60,60,40
Dunsparce,Normal,None,2,100,70,70,65,65,45
Gligar,Ground,Flying,2,65,75,105,35,65,85
Steelix,Steel,Ground,2,75,85,200,55,65,30
Mega Steelix,Steel,Ground,6,75,125,230,55,95,30
Snubbull,Fairy,None,2,60,80,50,40,40,30
Granbull,Fairy,None,2,90,120,75,60,60,45
Qwilfish,Water,Poison,2,65,95,85,55,55,85
Hisuian Qwilfish,Dark,Poison,9,65,95,85,55,55,85
Scizor,Bug,Steel,2,70,130,100,55,80,65
Mega Scizor,Bug,Steel,6,70,150,140,65,100,75
Shuckle,Bug,Rock,2,20,10,230,10,230,5
Heracross,Bug,Fighting,2,80,125,75,40,95,85
Mega Heracross,Bug,Fighting,6,80,185,115,40,105,75
Sneasel,Dark,Ice,2,55,95,55,35,75,115
Hisuian Sneasel,Fighting,Poison,9,55,95,55,35,75,115
Teddiursa,Normal,None,2,60,80,50,50,50,40
Ursaring,Normal,None,2,90,130,75,75,75,55
Slugma,Fire,None,2,40,40,40,70,40,20
Magcargo,Fire,Rock,2,60,50,120,90,80,30
Swinub,Ice,Ground,2,50,50,40,30,30,50
Piloswine,Ice,Ground,2,100,100,80,60,60,50
Corsola,Water,Rock,2,65,55,95,65,95,35
Galarian Corsola,Ghost,None,8,60,55,100,65,100,30
Remoraid,Water,None,2,35,65,35,65,35,65
Octillery,Water,None,2,75,105,75,105,75,45
Delibird,Ice,Flying,2,45,55,45,65,45,75
Mantine,Water,Flying,2,85,40,70,80,140,70
Skarmory,Steel,Flying,2,65,80,140,40,70,70
Houndour,Dark,Fire,2,45,60,30,80,50,65
Houndoom,Dark,Fire,2,75,90,50,110,80,95
Mega Houndoom,Dark,Fire,6,75,90,90,140,90,115
Kingdra,Water,Dragon,2,75,95,95,95,95,85
Phanpy,Ground,None,2,90,60,60,40,40,40
Donphan,Ground,None,2,90,120,120,60,60,50
Porygon2,Normal,None,2,85,80,90,105,95,60
Stantler,Normal,None,2,73,95,62,85,65,85
Smeargle,Normal,None,2,55,20,35,20,45,75
Tyrogue,Fighting,None,2,35,35,35,35,35,35
Hitmontop,Fighting,None,2,50,95,95,35,110,70
Smoochum,Ice,Psychic,2,45,30,15,85,65,65
Elekid,Electric,None,2,45,63,37,65,55,95
Magby,Fire,None,2,45,75,37,70,55,83
Miltank,Normal,None,2,95,80,105,40,70,100
Blissey,Normal,None,2,255,10,10,75,135,55
Raikou,Electric,None,2,90,85,75,115,100,115
Entei,Fire,None,2,115,115,85,90,75,100
Suicune,Water,None,2,100,75,115,90,115,85
Larvitar,Rock,Ground,2,50,64,50,45,50,41
Pupitar,Rock,Ground,2,70,84,70,65,70,51
Tyranitar,Rock,Dark,2,100,134,110,95,100,61
Mega Tyranitar,Rock,Dark,6,100,164,150,95,120,71
Lugia,Psychic,Flying,2,106,90,130,90,154,110
Ho-oh,Fire,Flying,2,106,130,90,110,154,90
Celebi,Psychic,Grass,2,100,100,100,100,100,100
Treecko,Grass,None,3,40,45,35,65,55,70
Grovyle,Grass,None,3,50,65,45,85,65,95
Sceptile,Grass,None,3,70,85,65,105,85,120
Mega Sceptile,Grass,Dragon,6,70,110,75,145,85,145
Torchic,Fire,None,3,45,60,40,70,50,45
Combusken,Fire,Fighting,3,60,85,60,85,60,55
Blaziken,Fire,Fighting,3,80,120,70,110,70,80
Mega Blaziken,Fire,Fighting,6,80,160,80,130,80,100
Mudkip,Water,None,3,50,70,50,50,50,40
Marshtomp,Water,Ground,3,70,85,70,60,70,50
Swampert,Water,Ground,3,100,110,90,85,90,60
Mega Swampert,Water,Ground,6,100,150,110,95,110,70
Poochyena,Dark,None,3,35,55,35,30,30,35
Mightyena,Dark,None,3,70,90,70,60,60,70
Zigzagoon,Normal,None,3,38,30,41,30,41,60
Galarian Zigzagoon,Dark,Normal,8,38,30,41,30,41,60
Linoone,Normal,None,3,78,70,61,50,61,100
Galarian Linoone,Dark,Normal,8,78,70,61,50,61,100
Wurmple,Bug,None,3,45,45,35,20,30,20
Silcoon,Bug,None,3,50,35,55,25,25,15
Beautifly,Bug,Flying,3,60,70,50,100,50,65
Cascoon,Bug,None,3,50,35,55,25,25,15
Dustox,Bug,Poison,3,60,50,70,50,90,65
Lotad,Water,Grass,3,40,30,30,40,50,30
Lombre,Water,Grass,3,60,50,50,60,70,50
Ludicolo,Water,Grass,3,80,70,70,90,100,70
Seedot,Grass,None,3,40,40,50,30,30,30
Nuzleaf,Grass,Dark,3,70,70,40,60,40,60
Shiftry,Grass,Dark,3,90,100,60,90,60,80
Taillow,Normal,Flying,3,40,55,30,30,30,85
Swellow,Normal,Flying,3,60,85,60,75,50,125
Wingull,Water,Flying,3,40,30,30,55,30,85
Pelipper,Water,Flying,3,60,50,100,95,70,65
Ralts,Psychic,Fairy,3,28,25,25,45,35,40
Kirlia,Psychic,Fairy,3,38,35,35,65,55,50
Gardevoir,Psychic,Fairy,3,68,65,65,125,115,80
Mega Gardevoir,Psychic,Fairy,6,68,85,65,165,135,100
Surskit,Bug,Water,3,40,30,32,50,52,65
Masquerain,Bug,Flying,3,70,60,62,100,82,80
Shroomish,Grass,None,3,60,40,60,40,60,35
Breloom,Grass,Fighting,3,60,130,80,60,60,70
Slakoth,Normal,None,3,60,60,60,35,35,30
Vigoroth,Normal,None,3,80,80,80,55,55,90
Slaking,Normal,None,3,150,160,100,95,65,100
Nincada,Bug,Ground,3,31,45,90,30,30,40
Ninjask,Bug,Flying,3,61,90,45,50,50,160
Shedinja,Bug,Ghost,3,1,90,45,30,30,40
Whismur,Normal,None,3,64,51,23,51,23,28
Loudred,Normal,None,3,84,71,43,71,43,48
Exploud,Normal,None,3,104,91,63,91,73,68
Makuhita,Fighting,None,3,72,60,30,20,30,25
Hariyama,Fighting,None,3,144,120,60,40,60,50
Azurill,Normal,Fairy,3,50,20,40,20,40,20
Nosepass,Rock,None,3,30,45,135,45,90,30
Skitty,Normal,None,3,50,45,45,35,35,50
Delcatty,Normal,None,3,70,65,65,55,55,90
Sableye,Dark,Ghost,3,50,75,75,65,65,50
Mega Sableye,Dark,Ghost,6,50,85,125,85,115,20
Mawile,Steel,Fairy,3,50,85,85,55,55,50
Mega Mawile,Steel,Fairy,6,50,105,125,55,95,50
Aron,Steel,Rock,3,50,70,100,40,40,30
Lairon,Steel,Rock,3,60,90,140,50,50,40
Aggron,Steel,Rock,3,70,110,180,60,60,50
Mega Aggron,Steel,None,6,70,140,230,60,80,50
Meditite,Fighting,Psychic,3,30,40,55,40,55,60
Medicham,Fighting,Psychic,3,60,60,75,60,75,80
Mega Medicham,Fighting,Psychic,6,60,100,85,80,85,100
Electrike,Electric,None,3,40,45,40,65,40,65
Manectric,Electric,None,3,70,75,60,105,60,105
Mega Manectric,Electric,None,6,70,75,80,135,80,135
Plusle,Electric,None,3,60,50,40,85,75,95
Minun,Electric,None,3,60,40,50,75,85,95
Volbeat,Bug,None,3,65,73,75,47,85,85
Illumise,Bug,None,3,65,47,75,73,85,85
Roselia,Grass,Poison,3,50,60,45,100,80,65
Gulpin,Poison,None,3,70,43,53,43,53,40
Swalot,Poison,None,3,100,73,83,73,83,55
Carvanha,Water,Dark,3,45,90,20,65,20,65
Sharpedo,Water,Dark,3,70,120,40,95,40,95
Mega Sharpedo,Water,Dark,6,70,140,70,110,65,105
Wailmer,Water,None,3,130,70,35,70,35,60
Wailord,Water,None,3,170,90,45,90,45,60
Numel,Fire,Ground,3,60,60,40,65,45,35
Camerupt,Fire,Ground,3,70,100,70,105,75,40
Mega Camerupt,Fire,Ground,6,70,120,100,145,105,20
Torkoal,Fire,None,3,70,85,140,85,70,20
Spoink,Psychic,None,3,60,25,35,70,80,60
Grumpig,Psychic,None,3,80,45,65,90,110,80
Spinda,Normal,None,3,60,60,60,60,60,60
Trapinch,Ground,None,3,45,100,45,45,45,10
Vibrava,Ground,Dragon,3,50,70,50,50,50,70
Flygon,Ground,Dragon,3,80,100,80,80,80,100
Cacnea,Grass,None,3,50,85,40,85,40,35
Cacturne,Grass,Dark,3,70,115,60,115,60,55
Swablu,Normal,Flying,3,45,40,60,40,75,50
Altaria,Dragon,Flying,3,75,70,90,70,105,80
Mega Altaria,Dragon,Fairy,6,75,110,110,110,105,80
Zangoose,Normal,None,3,73,115,60,60,60,90
Seviper,Poison,None,3,73,100,60,100,60,65
Lunatone,Rock,Psychic,3,90,55,65,95,85,70
Solrock,Rock,Psychic,3,90,95,85,55,65,70
Barboach,Water,Ground,3,50,48,43,46,41,60
Whiscash,Water,Ground,3,110,78,73,76,71,60
Corphish,Water,None,3,43,80,65,50,35,35
Crawdaunt,Water,Dark,3,63,120,85,90,55,55
Baltoy,Ground,Psychic,3,40,40,55,40,70,55
Claydol,Ground,Psychic,3,60,70,105,70,120,75
Lileep,Rock,Grass,3,66,41,77,61,87,23
Cradily,Rock,Grass,3,86,81,97,81,107,43
Anorith,Rock,Bug,3,45,95,50,40,50,75
Armaldo,Rock,Bug,3,75,125,100,70,80,45
Feebas,Water,None,3,20,15,20,10,55,80
Milotic,Water,None,3,95,60,79,100,125,81
Castform,Normal,None,3,70,70,70,70,70,70
Kecleon,Normal,None,3,60,90,70,60,120,40
Shuppet,Ghost,None,3,44,75,35,63,33,45
Banette,Ghost,None,3,64,115,65,83,63,65
Mega Banette,Ghost,None,6,64,165,75,93,83,75
Duskull,Ghost,None,3,20,40,90,30,90,25
Dusclops,Ghost,None,3,40,70,130,60,130,25
Tropius,Grass,Flying,3,99,68,83,72,87,51
Chimecho,Psychic,None,3,75,50,80,95,90,65
Absol,Dark,None,3,65,130,60,75,60,75
Mega Absol,Dark,None,6,65,150,60,115,60,115
Wynaut,Psychic,None,3,95,23,48,23,48,23
Snorunt,Ice,None,3,50,50,50,50,50,50
Glalie,Ice,None,3,80,80,80,80,80,80
Mega Glalie,Ice,None,6,80,120,80,120,80,100
Spheal,Ice,Water,3,70,40,50,55,50,25
Sealeo,Ice,Water,3,90,60,70,75,70,45
Walrein,Ice,Water,3,110,80,90,95,90,65
Clamperl,Water,None,3,35,64,85,74,55,32
Huntail,Water,None,3,55,104,105,94,75,52
Gorebyss,Water,None,3,55,84,105,114,75,52
Relicanth,Water,Rock,3,100,90,130,45,65,55
Luvdisc,Water,None,3,43,30,55,40,65,97
Bagon,Dragon,None,3,45,75,60,40,30,50
Shelgon,Dragon,None,3,65,95,100,60,50,50
Salamence,Dragon,Flying,3,95,135,80,110,80,100
Mega Salamence,Dragon,Flying,6,95,145,130,120,90,120
Beldum,Steel,Psychic,3,40,55,80,35,60,30
Metang,Steel,Psychic,3,60,75,100,55,80,50
Metagross,Steel,Psychic,3,80,135,130,95,90,70
Mega Metagross,Steel,Psychic,6,80,145,150,105,110,110
Regirock,Rock,None,3,80,100,200,50,100,50
Regice,Ice,None,3,80,50,100,100,200,50
Registeel,Steel,None,3,80,75,150,75,150,50
Latias,Dragon,Psychic,3,80,80,90,110,130,110
Mega Latias,Dragon,Psychic,6,80,100,120,140,150,110
Latios,Dragon,Psychic,3,80,90,80,130,110,110
Mega Latios,Dragon,Psychic,6,80,130,100,160,120,110
Kyogre,Water,None,3,100,100,90,150,140,90
Primal Kyogre,Water,None,6,100,150,90,180,160,90
Groudon,Ground,None,3,100,150,140,100,90,90
Primal Groudon,Ground,Fire,6,100,180,160,150,90,90
Rayquaza,Dragon,Flying,3,105,150,90,150,90,95
Mega Rayquaza,Dragon,Flying,6,105,180,100,180,100,115
Jirachi,Steel,Psychic,3,100,100,100,100,100,100
Deoxys,Psychic,None,3,50,150,50,150,50,150
Turtwig,Grass,None,4,55,68,64,45,55,31
Grotle,Grass,None,4,75,89,85,55,65,36
Torterra,Grass,Ground,4,95,109,105,75,85,56
Chimchar,Fire,None,4,44,58,44,58,44,61
Monferno,Fire,Fighting,4,64,78,52,78,52,81
Infernape,Fire,Fighting,4,76,104,71,104,71,108
Piplup,Water,None,4,53,51,53,61,56,40
Prinplup,Water,None,4,64,66,68,81,76,50
Empoleon,Water,Steel,4,84,86,88,111,101,60
Starly,Normal,Flying,4,40,55,30,30,30,60
Staravia,Normal,Flying,4,55,75,50,40,40,80
Staraptor,Normal,Flying,4,85,120,70,50,60,100
Bidoof,Normal,None,4,59,45,40,35,40,31
Bibarel,Normal,Water,4,79,85,60,55,60,71
Kricketot,Bug,None,4,37,25,41,25,41,25
Kricketune,Bug,None,4,77,85,51,55,51,65
Shinx,Electric,None,4,45,65,34,40,34,45
Luxio,Electric,None,4,60,85,49,60,49,60
Luxray,Electric,None,4,80,120,79,95,79,70
Budew,Grass,Poison,4,40,30,35,50,70,55
Roserade,Grass,Poison,4,60,70,65,125,105,90
Cranidos,Rock,None,4,67,125,40,30,30,58
Rampardos,Rock,None,4,97,165,60,65,50,58
Shieldon,Rock,Steel,4,30,42,118,42,88,30
Bastiodon,Rock,Steel,4,60,52,168,47,138,30
Burmy,Bug,None,4,40,29,45,29,45,36
Wormadam,Bug,Grass,4,60,59,85,79,105,36
Mothim,Bug,Flying,4,70,94,50,94,50,66
Combee,Bug,Flying,4,30,30,42,30,42,70
Vespiquen,Bug,Flying,4,70,80,102,80,102,40
Pachirisu,Electric,None,4,60,45,70,45,90,95
Buizel,Water,None,4,55,65,35,60,30,85
Floatzel,Water,None,4,85,105,55,85,50,115
Cherubi,Grass,None,4,45,35,45,62,53,35
Cherrim,Grass,None,4,70,60,70,87,78,85
Shellos,Water,None,4,76,48,48,57,62,34
Gastrodon,Water,Ground,4,111,83,68,92,82,39
Ambipom,Normal,None,4,75,100,66,60,66,115
Drifloon,Ghost,Flying,4,90,50,34,60,44,70
Drifblim,Ghost,Flying,4,150,80,44,90,54,80
Buneary,Normal,None,4,55,66,44,44,56,85
Lopunny,Normal,None,4,65,76,84,54,96,105
Mega Lopunny,Normal,Fighting,6,65,136,94,54,96,135
Mismagius,Ghost,None,4,60,60,60,105,105,105
Honchkrow,Dark,Flying,4,100,125,52,105,52,71
Glameow,Normal,None,4,49,55,42,42,37,85
Purugly,Normal,None,4,71,82,64,64,59,112
Chingling,Psychic,None,4,45,30,50,65,50,45
Stunky,Poison,Dark,4,63,63,47,41,41,74
Skuntank,Poison,Dark,4,103,93,67,71,61,84
Bronzor,Steel,Psychic,4,57,24,86,24,86,23
Bronzong,Steel,Psychic,4,67,89,116,79,116,33
Bonsly,Rock,None,4,50,80,95,10,45,10
Mime Jr.,Psychic,Fairy,4,20,25,45,70,90,60
Happiny,Normal,None,4,100,5,5,15,65,30
Chatot,Normal,Flying,4,76,65,45,92,42,91
Spiritomb,Ghost,Dark,4,50,92,108,92,108,35
Gible,Dragon,Ground,4,58,70,45,40,45,42
Gabite,Dragon,Ground,4,68,90,65,50,55,82
Garchomp,Dragon,Ground,4,108,130,95,80,85,102
Mega Garchomp,Dragon,Ground,6,108,170,115,120,95,92
Munchlax,Normal,None,4,135,85,40,40,85,5
Riolu,Fighting,None,4,40,70,40,35,40,60
Lucario,Fighting,Steel,4,70,110,70,115,70,90
Mega Lucario,Fighting,Steel,6,70,145,88,140,70,112
Hippopotas,Ground,None,4,68,72,78,38,42,32
Hippowdon,Ground,None,4,108,112,118,68,72,47
Skorupi,Poison,Bug,4,40,50,90,30,55,65
Drapion,Poison,Dark,4,70,90,110,60,75,95
Croagunk,Poison,Fighting,4,48,61,40,61,40,50
Toxicroak,Poison,Fighting,4,83,106,65,86,65,85
Carnivine,Grass,None,4,74,100,72,90,72,46
Finneon,Water,None,4,49,49,56,49,61,66
Lumineon,Water,None,4,69,69,76,69,86,91
Mantyke,Water,Flying,4,45,20,50,60,120,50
Snover,Grass,Ice,4,60,62,50,62,60,40
Abomasnow,Grass,Ice,4,90,92,75,92,85,60
Mega Abomasnow,Grass,Ice,6,90,132,105,132,105,30
Weavile,Dark,Ice,4,70,120,65,45,85,125
Magnezone,Electric,Steel,4,70,70,115,130,90,60
Lickilicky,Normal,None,4,110,85,95,80,95,50
Rhyperior,Ground,Rock,4,115,140,130,55,55,40
Tangrowth,Grass,None,4,100,100,125,110,50,50
Electivire,Electric,None,4,75,123,67,95,85,95
Magmortar,Fire,None,4,75,95,67,125,95,83
Togekiss,Fairy,Flying,4,85,50,95,120,115,80
Yanmega,Bug,Flying,4,86,76,86,116,56,95
Leafeon,Grass,None,4,65,110,130,60,65,95
Glaceon,Ice,None,4,65,60,110,130,95,65
Gliscor,Ground,Flying,4,75,95,125,45,75,95
Mamoswine,Ice,Ground,4,110,130,80,70,60,80
Porygon-Z,Normal,None,4,85,80,70,135,75,90
Gallade,Psychic,Fighting,4,68,125,65,65,115,80
Mega Gallade,Psychic,Fighting,6,68,165,95,65,115,110
Probopass,Rock,Steel,4,60,55,145,75,150,40
Dusknoir,Ghost,None,4,45,100,135,65,135,45
Froslass,Ice,Ghost,4,70,80,70,80,70,110
Rotom,Electric,Ghost,4,50,50,77,95,77,91
Heat Rotom,Electric,Fire,4,50,65,107,105,107,86
Wash Rotom,Electric,Water,4,50,65,107,105,107,86
Frost Rotom,Electric,Ice,4,50,65,107,105,107,86
Fan Rotom,Electric,Flying,4,50,65,107,105,107,86
Mow Rotom,Electric,Grass,4,50,65,107,105,107,86
Uxie,Psychic,None,4,75,75,130,75,130,95
Mesprit,Psychic,None,4,80,105,105,105,105,80
Azelf,Psychic,None,4,75,125,70,125,70,115
Dialga,Steel,Dragon,4,100,120,120,150,100,90
Origin Dialga,Steel,Dragon,9,100,100,120,150,120,90
Palkia,Water,Dragon,4,90,120,100,150,120,100
Origin Palkia,Water,Dragon,9,90,100,100,150,120,120
Heatran,Fire,Steel,4,91,90,106,130,106,77
Regigigas,Normal,None,4,110,160,110,80,110,100
Giratina,Ghost,Dragon,4,150,100,120,100,120,90
Origin Giratina,Ghost,Dragon,4,150,120,100,120,100,90
Cresselia,Psychic,None,4,120,70,110,75,120,85
Phione,Water,None,4,80,80,80,80,80,80
Manaphy,Water,None,4,100,100,100,100,100,100
Darkrai,Dark,None,4,70,90,90,135,90,125
Shaymin,Grass,None,4,100,100,100,100,100,100
Sky Shaymin,Grass,Flying,4,100,103,75,120,75,127
Arceus,Normal,None,4,120,120,120,120,120,120
Victini,Psychic,Fire,5,100,100,100,100,100,100
Snivy,Grass,None,5,45,45,55,45,55,63
Servine,Grass,None,5,60,60,75,60,75,83
Serperior,Grass,None,5,75,75,95,75,95,113
Tepig,Fire,None,5,65,63,45,45,45,45
Pignite,Fire,Fighting,5,90,93,55,70,55,55
Emboar,Fire,Fighting,5,110,123,65,100,65,65
Oshawott,Water,None,5,55,55,45,63,45,45
Dewott,Water,None,5,75,75,60,83,60,60
Samurott,Water,None,5,95,100,85,108,70,70
Hisuian Samurott,Water,Dark,9,90,108,80,100,65,85
Patrat,Normal,None,5,45,55,39,35,39,42
Watchog,Normal,None,5,60,85,69,60,69,77
Lillipup,Normal,None,5,45,60,45,25,45,55
Herdier,Normal,None,5,65,80,65,35,65,60
Stoutland,Normal,None,5,85,110,90,45,90,80
Purrloin,Dark,None,5,41,50,37,50,37,66
Liepard,Dark,None,5,64,88,50,88,50,106
Pansage,Grass,None,5,50,53,48,53,48,64
Simisage,Grass,None,5,75,98,63,98,63,101
Pansear,Fire,None,5,50,53,48,53,48,64
Simisear,Fire,None,5,75,98,63,98,63,101
Panpour,Water,None,5,50,53,48,53,48,64
Simipour,Water,None,5,75,98,63,98,63,101
Munna,Psychic,None,5,76,25,45,67,55,24
Musharna,Psychic,None,5,116,55,85,107,95,29
Pidove,Normal,Flying,5,50,55,50,36,30,43
Tranquill,Normal,Flying,5,62,77,62,50,42,65
Unfezant,Normal,Flying,5,80,115,80,65,55,93
Blitzle,Electric,None,5,45,60,32,50,32,76
Zebstrika,Electric,None,5,75,100,63,80,63,116
Roggenrola,Rock,None,5,55,75,85,25,25,15
Boldore,Rock,None,5,70,105,105,50,40,20
Gigalith,Rock,None,5,85,135,130,60,80,25
Woobat,Psychic,Flying,5,65,45,43,55,43,72
Swoobat,Psychic,Flying,5,67,57,55,77,55,114
Drilbur,Ground,None,5,60,85,40,30,45,68
Excadrill,Ground,Steel,5,110,135,60,50,65,88
Audino,Normal,None,5,103,60,86,60,86,50
Mega Audino,Normal,Fairy,6,103,60,126,80,126,50
Timburr,Fighting,None,5,75,80,55,25,35,35
Gurdurr,Fighting,None,5,85,105,85,40,50,40
Conkeldurr,Fighting,None,5,105,140,95,55,65,45
Tympole,Water,None,5,50,50,40,50,40,64
Palpitoad,Water,Ground,5,75,65,55,65,55,69
Seismitoad,Water,Ground,5,105,95,75,85,75,74
Throh,Fighting,None,5,120,100,85,30,85,45
Sawk,Fighting,None,5,75,125,75,30,75,85
Sewaddle,Bug,Grass,5,45,53,70,40,60,42
Swadloon,Bug,Grass,5,55,63,90,50,80,42
Leavanny,Bug,Grass,5,75,103,80,70,80,92
Venipede,Bug,Poison,5,30,45,59,30,39,57
Whirlipede,Bug,Poison,5,40,55,99,40,79,47
Scolipede,Bug,Poison,5,60,100,89,55,69,112
Cottonee,Grass,Fairy,5,40,27,60,37,50,66
Whimsicott,Grass,Fairy,5,60,67,85,77,75,116
Petilil,Grass,None,5,45,35,50,70,50,30
Lilligant,Grass,None,5,70,60,75,110,75,90
Hisuian Lilligant,Grass,Fighting,9,70,105,75,50,75,105
Basculin,Water,None,5,70,92,65,80,55,98
Sandile,Ground,Dark,5,50,72,35,35,35,65
Krokorok,Ground,Dark,5,60,82,45,45,45,74
Krookodile,Ground,Dark,5,95,117,80,65,70,92
Darumaka,Fire,None,5,70,90,45,15,45,50
Galarian Darumaka,Ice,None,8,70,90,45,15,45,50
Darmanitan,Fire,None,5,105,140,55,30,55,95
Zen Mode Darmanitan,Fire,Psychic,5,105,30,105,140,105,55
Galarian Darmanitan,Ice,None,8,105,140,55,30,55,95
Galarian Zen Mode Darmanitan,Ice,Fire,8,105,160,55,30,55,135
Maractus,Grass,None,5,75,86,67,106,67,60
Dwebble,Bug,Rock,5,50,65,85,35,35,55
Crustle,Bug,Rock,5,70,105,125,65,75,45
Scraggy,Dark,Fighting,5,50,75,70,35,70,48
Scrafty,Dark,Fighting,5,65,90,115,45,115,58
Sigilyph,Psychic,Flying,5,72,58,80,103,80,97
Yamask,Ghost,None,5,38,30,85,55,65,30
Galarian Yamask,Ground,Ghost,8,38,55,85,30,65,30
Cofagrigus,Ghost,None,5,58,50,145,95,105,30
Tirtouga,Water,Rock,5,54,78,103,53,45,22
Carracosta,Water,Rock,5,74,108,133,83,65,32
Archen,Rock,Flying,5,55,112,45,74,45,70
Archeops,Rock,Flying,5,75,140,65,112,65,110
Trubbish,Poison,None,5,50,50,62,40,62,65
Garbodor,Poison,None,5,80,95,82,60,82,75
Zorua,Dark,None,5,40,65,40,80,40,65
Hisuian Zorua,Normal,Ghost,9,35,60,40,85,40,70
Zoroark,Dark,None,5,60,105,60,120,60,105
Hisuian Zoroark,Normal,Ghost,9,55,100,60,125,60,110
Minccino,Normal,None,5,55,50,40,40,40,75
Cinccino,Normal,None,5,75,95,60,65,60,115
Gothita,Psychic,None,5,45,30,50,55,65,45
Gothorita,Psychic,None,5,60,45,70,75,85,55
Gothitelle,Psychic,None,5,70,55,95,95,110,65
Solosis,Psychic,None,5,45,30,40,105,50,20
Duosion,Psychic,None,5,65,40,50,125,60,30
Reuniclus,Psychic,None,5,110,65,75,125,85,30
Ducklett,Water,Flying,5,62,44,50,44,50,55
Swanna,Water,Flying,5,75,87,63,87,63,98
Vanillite,Ice,None,5,36,50,50,65,60,44
Vanillish,Ice,None,5,51,65,65,80,75,59
Vanilluxe,Ice,None,5,71,95,85,110,95,79
Deerling,Normal,Grass,5,60,60,50,40,50,75
Sawsbuck,Normal,Grass,5,80,100,70,60,70,95
Emolga,Electric,Flying,5,55,75,60,75,60,103
Karrablast,Bug,None,5,50,75,45,40,45,60
Escavalier,Bug,Steel,5,70,135,105,60,105,20
Foongus,Grass,Poison,5,69,55,45,55,55,15
Amoonguss,Grass,Poison,5,114,85,70,85,80,30
Frillish,Water,Ghost,5,55,40,50,65,85,40
Jellicent,Water,Ghost,5,100,60,70,85,105,60
Alomomola,Water,None,5,165,75,80,40,45,65
Joltik,Bug,Electric,5,50,47,50,57,50,65
Galvantula,Bug,Electric,5,70,77,60,97,60,108
Ferroseed,Grass,Steel,5,44,50,91,24,86,10
Ferrothorn,Grass,Steel,5,74,94,131,54,116,20
Klink,Steel,None,5,40,55,70,45,60,30
Klang,Steel,None,5,60,80,95,70,85,50
Klinklang,Steel,None,5,60,100,115,70,85,90
Tynamo,Electric,None,5,35,55,40,45,40,60
Eelektrik,Electric,None,5,65,85,70,75,70,40
Eelektross,Electric,None,5,85,115,80,105,80,50
Elgyem,Psychic,None,5,55,55,55,85,55,30
Beheeyem,Psychic,None,5,75,75,75,125,95,40
Litwick,Ghost,Fire,5,50,30,55,65,55,20
Lampent,Ghost,Fire,5,60,40,60,95,60,55
Chandelure,Ghost,Fire,5,60,55,90,145,90,80
Axew,Dragon,None,5,46,87,60,30,40,57
Fraxure,Dragon,None,5,66,117,70,40,50,67
Haxorus,Dragon,None,5,76,147,90,60,70,97
Cubchoo,Ice,None,5,55,70,40,60,40,40
Beartic,Ice,None,5,95,130,80,70,80,50
Cryogonal,Ice,None,5,80,50,50,95,135,105
Shelmet,Bug,None,5,50,40,85,40,65,25
Accelgor,Bug,None,5,80,70,40,100,60,145
Stunfisk,Ground,Electric,5,109,66,84,81,99,32
Galarian Stunfisk,Ground,Steel,8,109,81,99,66,84,32
Mienfoo,Fighting,None,5,45,85,50,55,50,65
Mienshao,Fighting,None,5,65,125,60,95,60,105
Druddigon,Dragon,None,5,77,120,90,60,90,48
Golett,Ground,Ghost,5,59,74,50,35,50,35
Golurk,Ground,Ghost,5,89,124,80,55,80,55
Pawniard,Dark,Steel,5,45,85,70,40,40,60
Bisharp,Dark,Steel,5,65,125,100,60,70,70
Bouffalant,Normal,None,5,95,110,95,40,95,55
Rufflet,Normal,Flying,5,70,83,50,37,50,60
Braviary,Normal,Flying,5,100,123,75,57,75,80
Hisuian Braviary,Psychic,Flying,9,110,83,70,112,70,65
Vullaby,Dark,Flying,5,70,55,75,45,65,60
Mandibuzz,Dark,Flying,5,110,65,105,55,95,80
Heatmor,Fire,None,5,85,97,66,105,66,65
Durant,Bug,Steel,5,58,109,112,48,48,109
Deino,Dark,Dragon,5,52,65,50,45,50,38
Zweilous,Dark,Dragon,5,72,85,70,65,70,58
Hydreigon,Dark,Dragon,5,92,105,90,125,90,98
Larvesta,Bug,Fire,5,55,85,55,50,55,60
Volcarona,Bug,Fire,5,85,60,65,135,105,100
Cobalion,Steel,Fighting,5,91,90,129,90,72,108
Terrakion,Rock,Fighting,5,91,129,90,72,90,108
Virizion,Grass,Fighting,5,91,90,72,90,129,108
Incarnate Tornadus,Flying,None,5,79,115,70,125,80,111
Therian Tornadus,Flying,None,5,79,100,80,110,90,121
Incarnate Thundurus,Electric,Flying,5,79,115,70,125,80,111
Therian Thundurus,Electric,Flying,5,79,105,70,145,80,101
Reshiram,Dragon,Fire,5,100,120,100,150,120,90
Zekrom,Dragon,Electric,5,100,150,120,120,100,90
Incarnate Landorus,Ground,Flying,5,89,125,90,115,80,101
Therian Landorus,Ground,Flying,5,89,145,90,105,80,91
Kyurem,Dragon,Ice,5,125,130,90,130,90,95
White Kyurem,Dragon,Ice,5,125,120,90,170,100,95
Black Kyurem,Dragon,Ice,5,125,170,100,120,90,95
Keldeo,Water,Fighting,5,91,72,90,129,90,108
Resolute Keldeo,Water,Fighting,5,91,72,90,129,90,108
Meloetta,Normal,Psychic,5,100,77,77,128,128,90
Pirouette Meloetta,Normal,Fighting,5,100,128,90,77,77,128
Genesect,Bug,Steel,5,71,120,95,120,95,99
Chespin,Grass,None,6,56,61,65,48,45,38
Quilladin,Grass,None,6,61,78,95,56,58,57
Chesnaught,Grass,Fighting,6,88,107,122,74,75,64
Fennekin,Fire,None,6,40,45,40,62,60,60
Braixen,Fire,None,6,59,59,58,90,70,73
Delphox,Fire,Psychic,6,75,69,72,114,100,104
Froakie,Water,None,6,41,56,40,62,44,71
Frogadier,Water,None,6,54,63,52,83,56,97
Greninja,Water,Dark,6,72,95,67,103,71,122
Ash Greninja,Water,Dark,6,72,145,67,153,71,132
Bunnelby,Normal,None,6,38,36,38,32,36,57
Diggersby,Normal,Ground,6,85,56,77,50,77,78
Fletchling,Normal,Flying,6,45,50,43,40,38,62
Fletchinder,Fire,Flying,6,62,73,55,56,52,84
Talonflame,Fire,Flying,6,78,81,71,74,69,126
Scatterbug,Bug,None,6,38,35,40,27,25,35
Spewpa,Bug,None,6,45,22,60,27,30,29
Vivillon,Bug,Flying,6,80,52,50,90,50,89
Litleo,Fire,Normal,6,62,50,58,73,54,72
Pyroar,Fire,Normal,6,86,68,72,109,66,106
Flabébé,Fairy,None,6,44,38,39,61,79,42
Floette,Fairy,None,6,54,45,47,75,98,52
Florges,Fairy,None,6,78,65,68,112,154,75
Skiddo,Grass,None,6,66,65,48,62,57,52
Gogoat,Grass,None,6,123,100,62,97,81,68
Pancham,Fighting,None,6,67,82,62,46,48,43
Pangoro,Fighting,Dark,6,95,124,78,69,71,58
Furfrou,Normal,None,6,75,80,60,65,90,102
Espurr,Psychic,None,6,62,48,54,63,60,68
Meowstic,Psychic,None,6,74,48,76,83,81,104
Honedge,Steel,Ghost,6,45,80,100,35,37,28
Doublade,Steel,Ghost,6,59,110,150,45,49,35
Shield Forme Aegislash,Steel,Ghost,6,60,50,140,50,140,60
Blade Forme Aegislash,Steel,Ghost,6,60,140,50,140,50,60
Spritzee,Fairy,None,6,78,52,60,63,65,23
Aromatisse,Fairy,None,6,101,72,72,99,89,29
Swirlix,Fairy,None,6,62,48,66,59,57,49
Slurpuff,Fairy,None,6,82,80,86,85,75,72
Inkay,Dark,Psychic,6,53,54,53,37,46,45
Malamar,Dark,Psychic,6,86,92,88,68,75,73
Binacle,Rock,Water,6,42,52,67,39,56,50
Barbaracle,Rock,Water,6,72,105,115,54,86,68
Skrelp,Poison,Water,6,50,60,60,60,60,30
Dragalge,Poison,Dragon,6,65,75,90,97,123,44
Clauncher,Water,None,6,50,53,62,58,63,44
Clawitzer,Water,None,6,71,73,88,120,89,59
Helioptile,Electric,Normal,6,44,38,33,61,43,70
Heliolisk,Electric,Normal,6,62,55,52,109,94,109
Tyrunt,Rock,Dragon,6,58,89,77,45,45,48
Tyrantrum,Rock,Dragon,6,82,121,119,69,59,71
Amaura,Rock,Ice,6,77,59,50,67,63,46
Aurorus,Rock,Ice,6,123,77,72,99,92,58
Sylveon,Fairy,None,6,95,65,65,110,130,60
Hawlucha,Fighting,Flying,6,78,92,75,74,63,118
Dedenne,Electric,Fairy,6,67,58,57,81,67,101
Carbink,Rock,Fairy,6,50,50,150,50,150,50
Goomy,Dragon,None,6,45,50,35,55,75,40
Sliggoo,Dragon,None,6,68,75,53,83,113,60
Hisuian Sliggoo,Steel,Dragon,9,58,75,83,83,113,40
Goodra,Dragon,None,6,90,100,70,110,150,80
Hisuian Goodra,Steel,Dragon,9,80,100,100,110,150,60
Klefki,Steel,Fairy,6,57,80,91,80,87,75
Phantump,Ghost,Grass,6,43,70,48,50,60,38
Trevenant,Ghost,Grass,6,85,110,76,65,82,56
Pumpkaboo,Ghost,Grass,6,49,66,70,44,55,51
Gourgeist,Ghost,Grass,6,65,90,122,58,75,84
Bergmite,Ice,None,6,55,69,85,32,35,28
Avalugg,Ice,None,6,95,117,184,44,46,28
Hisuian Avalugg,Ice,Rock,9,95,127,184,34,36,38
Noibat,Flying,Dragon,6,40,30,35,45,40,55
Noivern,Flying,Dragon,6,85,70,80,97,80,123
Xerneas,Fairy,None,6,126,131,95,131,98,99
Yveltal,Dark,Flying,6,126,131,95,131,98,99
Zygarde,Dragon,Ground,6,216,100,121,91,95,85
Diancie,Rock,Fairy,6,50,100,150,100,150,50
Mega Diancie,Rock,Fairy,6,50,160,110,160,110,110
Hoopa Confined,Psychic,Ghost,6,80,110,60,150,130,70
Hoopa Unbound,Psychic,Dark,6,80,160,60,170,130,80
Volcanion,Fire,Water,6,80,110,120,130,90,70
Rowlet,Grass,Flying,7,68,55,55,50,50,42
Dartrix,Grass,Flying,7,78,75,75,70,70,52
Decidueye,Grass,Ghost,7,78,107,75,100,100,70
Hisuian Decidueye,Grass,Fighting,9,88,112,80,95,95,60
Litten,Fire,None,7,45,65,40,60,40,70
Torracat,Fire,None,7,65,85,50,80,50,90
Incineroar,Fire,Dark,7,95,115,90,80,90,60
Popplio,Water,None,7,50,54,54,66,56,40
Brionne,Water,None,7,60,69,69,91,81,50
Primarina,Water,Fairy,7,80,74,74,126,116,60
Pikipek,Normal,Flying,7,35,75,30,30,30,65
Trumbeak,Normal,Flying,7,55,85,50,40,50,75
Toucannon,Normal,Flying,7,80,120,75,75,75,60
Yungoos,Normal,None,7,48,70,30,30,30,45
Gumshoos,Normal,None,7,88,110,60,55,60,45
Grubbin,Bug,None,7,47,62,45,55,45,46
Charjabug,Bug,Electric,7,57,82,95,55,75,36
Vikavolt,Bug,Electric,7,77,70,90,145,75,43
Crabrawler,Fighting,None,7,47,82,57,42,47,63
Crabominable,Fighting,Ice,7,97,132,77,62,67,43
Baile Style Oricorio,Fire,Flying,7,75,70,70,98,70,93
Pom-Pom Style Oricorio,Electric,Flying,7,75,70,70,98,70,93
Pa'u Style Oricorio,Psychic,Flying,7,75,70,70,98,70,93
Sensu Style Oricorio,Ghost,Flying,7,75,70,70,98,70,93
Cutiefly,Bug,Fairy,7,40,45,40,55,40,84
Ribombee,Bug,Fairy,7,60,55,60,95,70,124
Rockruff,Rock,None,7,45,65,40,30,40,60
Midday Lycanroc,Rock,None,7,75,115,65,55,65,112
Midnight Lycanroc,Rock,None,7,85,115,75,55,75,82
Dusk Lycanroc,Rock,None,7,75,117,65,55,65,110
Wishiwashi,Water,None,7,45,20,20,25,25,40
School Wishiwashi,Water,None,7,45,140,130,140,135,30
Mareanie,Poison,Water,7,50,53,62,43,52,45
Toxapex,Poison,Water,7,50,63,152,53,142,35
Mudbray,Ground,None,7,70,100,70,45,55,45
Mudsdale,Ground,None,7,100,125,100,55,85,35
Dewpider,Water,Bug,7,38,40,52,40,72,27
Araquanid,Water,Bug,7,68,70,92,50,132,42
Fomantis,Grass,None,7,40,55,35,50,35,35
Lurantis,Grass,None,7,70,105,90,80,90,45
Morelull,Grass,Fairy,7,40,35,55,65,75,15
Shiinotic,Grass,Fairy,7,60,45,80,90,100,30
Salandit,Poison,Fire,7,48,44,40,71,40,77
Salazzle,Poison,Fire,7,68,64,60,111,60,117
Stufful,Normal,Fighting,7,70,75,50,45,50,50
Bewear,Normal,Fighting,7,120,125,80,55,60,60
Bounsweet,Grass,None,7,42,30,38,30,38,32
Steenee,Grass,None,7,52,40,48,40,48,62
Tsareena,Grass,None,7,72,120,98,50,98,72
Comfey,Fairy,None,7,51,52,90,82,110,100
Oranguru,Normal,Psychic,7,90,60,80,90,110,60
Passimian,Fighting,None,7,100,120,90,40,60,80
Wimpod,Bug,Water,7,25,35,40,20,30,80
Golisopod,Bug,Water,7,75,125,140,60,90,40
Sandygast,Ghost,Ground,7,55,55,80,70,45,15
Palossand,Ghost,Ground,7,85,75,110,100,75,35
Pyukumuku,Water,None,7,55,60,130,30,130,5
Type: Null,Normal,None,7,95,95,95,95,95,59
Silvally,Normal,None,7,95,95,95,95,95,95
Meteor Minior,Rock,Flying,7,60,60,100,60,100,60
Core Minior,Rock,Flying,7,60,100,60,100,60,120
Komala,Normal,None,7,65,115,65,75,95,65
Turtonator,Fire,Dragon,7,60,78,135,91,85,36
Togedemaru,Electric,Steel,7,65,98,63,40,73,96
Mimikyu,Ghost,Fairy,7,55,90,80,50,105,96
Bruxish,Water,Psychic,7,68,105,70,70,70,92
Drampa,Normal,Dragon,7,78,60,85,135,91,36
Dhelmise,Ghost,Grass,7,70,131,100,86,90,40
Jangmo-o,Dragon,None,7,45,55,65,45,45,45
Hakamo-o,Dragon,Fighting,7,55,75,90,65,70,65
Kommo-o,Dragon,Fighting,7,75,110,125,100,105,85
Tapu Koko,Electric,Fairy,7,70,115,85,95,75,130
Tapu Lele,Psychic,Fairy,7,70,85,75,130,115,95
Tapu Bulu,Grass,Fairy,7,70,130,115,85,95,75
Tapu Fini,Water,Fairy,7,70,75,115,95,130,85
Cosmog,Psychic,None,7,43,29,31,29,31,37
Cosmoem,Psychic,None,7,43,29,131,29,131,37
Solgaleo,Psychic,Steel,7,137,137,107,113,89,97
Lunala,Psychic,Ghost,7,137,113,89,137,107,97
Nihilego,Rock,Poison,7,109,53,47,127,131,103
Buzzwole,Bug,Fighting,7,107,139,139,53,53,79
Pheromosa,Bug,Fighting,7,71,137,37,137,37,151
Xurkitree,Electric,None,7,83,89,71,173,71,83
Celesteela,Steel,Flying,7,97,101,103,107,101,61
Kartana,Grass,Steel,7,59,181,131,59,31,109
Guzzlord,Dark,Dragon,7,223,101,53,97,53,43
Necrozma,Psychic,None,7,97,107,101,127,89,79
Dusk Mane Necrozma,Psychic,Steel,7,97,157,127,113,109,77
Dawn Wings Necrozma,Psychic,Ghost,7,97,113,109,157,127,77
Ultra Necrozma,Psychic,Dragon,7,97,167,97,167,97,129
Magearna,Steel,Fairy,7,80,95,115,130,115,65
Marshadow,Fighting,Ghost,7,90,125,80,90,90,125
Poipole,Poison,None,7,67,73,67,73,67,73
Naganadel,Poison,Dragon,7,73,73,73,127,73,121
Stakataka,Rock,Steel,7,61,131,211,53,101,13
Blacephalon,Fire,Ghost,7,53,127,53,151,79,107
Zeraora,Electric,None,7,88,112,75,102,80,143
Meltan,Steel,None,7,46,65,65,55,35,34
Melmetal,Steel,None,7,135,143,143,80,65,34
Grookey,Grass,None,8,50,65,50,40,40,65
Thwackey,Grass,None,8,70,85,70,55,60,80
Rillaboom,Grass,None,8,100,125,90,60,70,85
Scorbunny,Fire,None,8,50,71,40,40,40,69
Raboot,Fire,None,8,65,86,60,55,60,94
Cinderace,Fire,None,8,80,116,75,65,75,119
Sobble,Water,None,8,50,40,40,70,40,70
Drizzile,Water,None,8,65,60,55,95,55,90
Inteleon,Water,None,8,70,85,65,125,65,120
Skwovet,Normal,None,8,70,55,55,35,35,25
Greedent,Normal,None,8,120,95,95,55,75,20
Rookidee,Flying,None,8,38,47,35,33,35,57
Corvisquire,Flying,None,8,68,67,55,43,55,77
Corviknight,Flying,Steel,8,98,87,105,53,85,67
Blipbug,Bug,None,8,25,20,20,25,45,45
Dottler,Bug,Psychic,8,50,35,80,50,90,30
Orbeetle,Bug,Psychic,8,60,45,110,80,120,90
Nickit,Dark,None,8,40,28,28,47,52,50
Thievul,Dark,None,8,70,58,58,87,92,90
Gossifleur,Grass,None,8,40,40,60,40,60,10
Eldegoss,Grass,None,8,60,50,90,80,120,60
Wooloo,Normal,None,8,42,40,55,40,45,48
Dubwool,Normal,None,8,72,80,100,60,90,88
Chewtle,Water,None,8,50,64,50,38,38,44
Drednaw,Water,Rock,8,90,115,90,48,68,74
Yamper,Electric,None,8,59,45,50,40,50,26
Boltund,Electric,None,8,69,90,60,90,60,121
Rolycoly,Rock,None,8,30,40,50,40,50,30
Carkol,Rock,Fire,8,80,60,90,60,70,50
Coalossal,Rock,Fire,8,110,80,120,80,90,30
Applin,Grass,Dragon,8,40,40,80,40,40,20
Flapple,Grass,Dragon,8,70,110,80,95,60,70
Appletun,Grass,Dragon,8,110,85,80,100,80,30
Silicobra,Ground,None,8,52,57,75,35,50,46
Sandaconda,Ground,None,8,72,107,125,65,70,71
Cramorant,Flying,Water,8,70,85,55,85,95,85
Arrokuda,Water,None,8,41,63,40,40,30,66
Barraskewda,Water,None,8,61,123,60,60,50,136
Toxel,Electric,Poison,8,40,38,35,54,35,40
Toxtricity,Electric,Poison,8,75,98,70,114,70,75
Sizzlipede,Fire,Bug,8,50,65,45,50,50,45
Centiskorch,Fire,Bug,8,100,115,65,90,90,65
Clobbopus,Fighting,None,8,50,68,60,50,50,32
Grapploct,Fighting,None,8,80,118,90,70,80,42
Sinistea,Ghost,None,8,40,45,45,74,54,50
Polteageist,Ghost,None,8,60,65,65,134,114,70
Hatenna,Psychic,None,8,42,30,45,56,53,39
Hattrem,Psychic,None,8,57,40,65,86,73,49
Hatterene,Psychic,Fairy,8,57,90,95,136,103,29
Impidimp,Dark,Fairy,8,45,45,30,55,40,50
Morgrem,Dark,Fairy,8,65,60,45,75,55,70
Grimmsnarl,Dark,Fairy,8,95,120,65,95,75,60
Obstagoon,Dark,Normal,8,93,90,101,60,81,95
Perrserker,Steel,None,8,70,110,100,50,60,50
Cursola,Ghost,None,8,60,95,50,145,130,30
Sirfetch'd,Fighting,None,8,62,135,95,68,82,65
Mr. Rime,Ice,Psychic,8,80,85,75,110,100,70
Runerigus,Ground,Ghost,8,58,95,145,50,105,30
Milcery,Fairy,None,8,45,40,40,50,61,34
Alcremie,Fairy,None,8,65,60,75,110,121,64
Falinks,Fighting,None,8,65,100,100,70,60,75
Pincurchin,Electric,None,8,48,101,95,91,85,15
Snom,Ice,Bug,8,30,25,35,45,30,20
Frosmoth,Ice,Bug,8,70,65,60,125,90,65
Stonjourner,Rock,None,8,100,125,135,20,20,70
Ice Face Eiscue,Ice,None,8,75,80,110,65,90,50
Noice Face Eiscue,Ice,None,8,75,80,70,65,50,130
Male Indeedee,Psychic,Normal,8,60,65,55,105,95,95
Female Indeedee,Psychic,Normal,8,70,55,65,95,105,85
Morpeko,Electric,Dark,8,58,95,58,70,58,97
Cufant,Steel,None,8,72,80,49,40,49,40
Copperajah,Steel,None,8,122,130,69,80,69,30
Dracozolt,Electric,Dragon,8,90,100,90,80,70,75
Arctozolt,Electric,Ice,8,90,100,90,90,80,55
Dracovish,Water,Dragon,8,90,90,100,70,80,75
Arctovish,Water,Ice,8,90,90,100,80,90,55
Duraludon,Steel,Dragon,8,70,95,115,120,50,85
Dreepy,Dragon,Ghost,8,28,60,30,40,30,82
Drakloak,Dragon,Ghost,8,68,80,50,60,50,102
Dragapult,Dragon,Ghost,8,88,120,75,100,75,142
Hero of Many Battles Zacian,Fairy,None,8,92,120,115,80,115,138
Crowned Sword Zacian,Fairy,Steel,8,92,150,115,80,115,148
Hero of Many Battles Zamazenta,Fighting,None,8,92,120,115,80,115,138
Crowned Shield Zamazenta,Fighting,Steel,8,92,120,140,80,140,128
Eternatus,Poison,Dragon,8,140,85,95,145,95,130
Eternamax Eternatus,Poison,Dragon,8,255,115,250,125,250,130
Kubfu,Fighting,None,8,60,90,60,53,50,72
Single Strike Style Urshifu,Fighting,Dark,8,100,130,100,63,60,97
Rapid Strike Style Urshifu,Fighting,Water,8,100,130,100,63,60,97
Zarude,Dark,Grass,8,105,120,105,70,95,105
Regieleki,Electric,None,8,80,100,50,100,50,200
Regidrago,Dragon,None,8,200,100,50,100,50,80
Glastrier,Ice,None,8,100,145,130,65,110,30
Spectrier,Ghost,None,8,100,65,60,145,80,130
Calyrex,Psychic,Grass,8,100,80,80,80,80,80
Ice Rider Calyrex,Psychic,Ice,8,100,165,150,85,130,50
Shadow Rider Calyrex,Psychic,Ghost,8,100,85,80,165,100,150
Wyrdeer,Normal,Psychic,8,103,105,72,105,75,65
Kleavor,Bug,Rock,8,70,135,95,45,70,85
Ursaluna,Ground,Normal,8,130,140,105,45,80,50
Bloodmoon Ursaluna,Ground,Normal,8,113,70,120,135,65,52
Male Basculegion,Water,Ghost,8,120,112,65,80,75,78
Female Basculegion,Water,Ghost,8,120,92,65,100,75,78
Sneasler,Fighting,Poison,8,80,130,60,40,80,120
Overqwil,Dark,Poison,8,85,115,95,65,65,85
Incarnate Enamorus,Fairy,Flying,8,74,115,70,135,80,106
Therian Enamorus,Fairy,Flying,8,74,115,110,135,100,46
Sprigatito,Grass,None,9,40,61,54,45,45,65
Floragato,Grass,None,9,61,80,63,60,63,83
Meowscarada,Grass,Dark,9,76,110,70,81,70,123
Fuecoco,Fire,None,9,67,45,59,63,40,36
Crocalor,Fire,None,9,81,55,78,90,58,49
Skeledirge,Fire,Ghost,9,104,75,100,110,75,66
Quaxly,Water,None,9,55,65,45,50,45,50
Quaxwell,Water,None,9,70,85,65,65,60,65
Quaquaval,Water,Fighting,9,85,120,80,85,75,85
Lechonk,Normal,None,9,54,45,40,35,45,35
Oinkologne,Normal,None,9,110,100,75,59,80,65
Tarountula,Bug,None,9,35,41,45,29,40,20
Spidops,Bug,None,9,60,79,92,52,86,35
Nymble,Bug,None,9,33,46,40,21,25,45
Lokix,Bug,Dark,9,71,102,78,52,55,92
Pawmi,Electric,None,9,45,50,20,40,25,60
Pawmo,Electric,Fighting,9,60,75,40,50,40,85
Pawmot,Electric,Fighting,9,70,115,70,70,60,105
Tandemaus,Normal,None,9,50,50,45,40,45,75
Maushold,Normal,None,9,74,75,70,65,75,111
Fidough,Fairy,None,9,37,55,70,30,55,65
Dachsbun,Fairy,None,9,57,80,115,50,80,95
Smoliv,Grass,Normal,9,41,35,45,58,51,30
Dolliv,Grass,Normal,9,52,53,60,78,78,33
Arboliva,Grass,Normal,9,78,69,90,125,109,39
Squawkabilly,Normal,Flying,9,82,96,51,45,51,92
Nacli,Rock,None,9,55,55,75,35,35,25
Naclstack,Rock,None,9,60,60,100,35,65,35
Garganacl,Rock,None,9,100,100,130,45,90,35
Charcadet,Fire,None,9,40,50,40,50,40,35
Armarouge,Fire,Psychic,9,85,60,100,125,80,75
Ceruledge,Fire,Ghost,9,75,125,80,60,100,85
Tadbulb,Electric,None,9,61,31,41,59,35,45
Bellibolt,Electric,None,9,109,64,91,103,83,45
Wattrel,Electric,Flying,9,40,40,35,55,40,70
Kilowattrel,Electric,Flying,9,70,70,60,105,60,125
Maschiff,Dark,None,9,60,78,60,40,51,51
Mabosstiff,Dark,None,9,80,120,90,60,70,85
Shroodle,Poison,Normal,9,40,65,35,40,35,75
Grafaiai,Poison,Normal,9,63,95,65,80,72,110
Bramblin,Grass,Ghost,9,40,65,30,45,35,60
Brambleghast,Grass,Ghost,9,55,115,70,80,70,90
Toedscool,Ground,Grass,9,40,40,35,50,100,70
Toedscruel,Ground,Grass,9,80,70,65,80,120,100
Klawf,Rock,None,9,70,100,115,35,55,75
Capsakid,Grass,None,9,50,62,40,62,40,50
Scovillain,Grass,Fire,9,65,108,65,108,65,75
Rellor,Bug,None,9,41,50,60,31,58,30
Rabsca,Bug,Psychic,9,75,50,85,115,100,45
Flittle,Psychic,None,9,30,35,30,55,30,75
Espathra,Psychic,None,9,95,60,60,101,60,105
Tinkatink,Fairy,Steel,9,50,45,45,35,64,58
Tinkatuff,Fairy,Steel,9,65,55,55,45,82,78
Tinkaton,Fairy,Steel,9,85,75,77,70,105,94
Wiglett,Water,None,9,10,55,25,35,25,95
Wugtrio,Water,None,9,35,100,50,50,70,120
Bombirdier,Flying,Dark,9,70,103,85,60,85,82
Finizen,Water,None,9,70,45,40,45,40,75
Zero Palafin,Water,None,9,100,70,72,53,62,100
Hero Palafin,Water,None,9,100,160,97,106,87,100
Varoom,Steel,Poison,9,45,70,63,30,45,47
Revavroom,Steel,Poison,9,80,119,90,54,67,90
Cyclizar,Dragon,Normal,9,70,95,65,85,65,121
Orthworm,Steel,None,9,70,85,145,60,55,65
Glimmet,Rock,Poison,9,48,35,42,105,60,60
Glimmora,Rock,Poison,9,83,55,90,130,81,86
Greavard,Ghost,None,9,50,61,60,30,55,34
Houndstone,Ghost,None,9,72,101,100,50,97,68
Flamigo,Flying,Fighting,9,82,115,74,75,64,90
Cetoddle,Ice,None,9,108,68,45,30,40,43
Cetitan,Ice,None,9,170,113,65,45,55,73
Veluza,Water,Psychic,9,90,102,73,78,65,70
Dondozo,Water,None,9,150,100,115,65,65,35
Tatsugiri,Dragon,Water,9,68,50,60,120,95,82
Annihilape,Fighting,Ghost,9,110,115,80,50,90,90
Clodsire,Poison,Ground,9,130,75,60,45,100,20
Farigiraf,Normal,Psychic,9,120,90,70,110,70,60
Dudunsparce,Normal,None,9,125,100,80,85,75,55
Kingambit,Dark,Steel,9,100,135,120,60,85,50
Great Tusk,Ground,Fighting,9,115,131,131,53,53,87
Scream Tail,Fairy,Psychic,9,115,65,99,65,115,111
Brute Bonnet,Grass,Dark,9,111,127,99,79,99,55
Flutter Mane,Ghost,Fairy,9,55,55,55,135,135,135
Slither Wing,Bug,Fighting,9,85,135,79,85,105,81
Sandy Shocks,Electric,Ground,9,85,81,97,121,85,101
Iron Treads,Ground,Steel,9,90,112,120,72,70,106
Iron Bundle,Ice,Water,9,56,80,114,124,60,136
Iron Hands,Fighting,Electric,9,154,140,108,50,68,50
Iron Jugulis,Dark,Flying,9,94,80,86,122,80,108
Iron Moth,Fire,Poison,9,80,70,60,140,110,110
Iron Thorns,Rock,Electric,9,100,134,110,70,84,72
Frigibax,Dragon,Ice,9,65,75,45,35,45,55
Arctibax,Dragon,Ice,9,90,95,66,45,65,62
Baxcalibur,Dragon,Ice,9,115,145,92,75,86,87
Chest Form Gimmighoul,Ghost,None,9,45,30,70,75,70,10
Roaming Form Gimmighoul,Ghost,None,9,45,30,25,75,45,80
Gholdengo,Steel,Ghost,9,87,60,95,133,91,84
Wo-Chien,Dark,Grass,9,85,85,100,95,135,70
Chien-Pao,Dark,Ice,9,80,120,80,90,65,135
Ting-Lu,Dark,Ground,9,155,110,125,55,80,45
Chi-Yu,Dark,Fire,9,55,80,80,135,120,100
Roaring Moon,Dragon,Dark,9,105,139,71,55,101,119
Iron Valiant,Fairy,Fighting,9,74,130,90,120,60,116
Koraidon,Fighting,Dragon,9,100,135,115,85,100,135
Miraidon,Electric,Dragon,9,100,85,100,135,115,135
Walking Wake,Water,Dragon,9,99,83,91,125,83,109
Iron Leaves,Grass,Psychic,9,90,130,88,70,108,104
Dipplin,Grass,Dragon,9,80,80,110,95,80,40
Poltchageist,Grass,Ghost,9,40,45,45,74,54,50
Sinistcha,Grass,Ghost,9,71,60,106,121,80,70
Okidogi,Poison,Fighting,9,88,128,115,58,86,80
Munkidori,Poison,Psychic,9,88,75,66,130,90,106
Fezandipiti,Poison,Fairy,9,88,91,82,70,125,99
Teal Mask Ogerpon,Grass,None,9,80,120,84,60,96,110
Wellspring Mask Ogerpon,Grass,Water,9,80,120,84,60,96,110
Hearthflame Mask Ogerpon,Grass,Fire,9,80,120,84,60,96,110
Cornerstone Mask Ogerpon,Grass,Rock,9,80,120,84,60,96,110
Archaludon,Steel,Dragon,9,90,105,130,125,65,85
Hydrapple,Grass,Dragon,9,106,80,110,120,80,44
Gouging Fire,Fire,Dragon,9,105,115,121,65,93,91
Raging Bolt,Electric,Dragon,9,125,73,91,137,89,75
Iron Boulder,Rock,Psychic,9,90,120,80,68,108,124
Iron Crown,Steel,Psychic,9,90,72,100,122,108,98
Terapagos,Normal,None,9,90,65,85,65,85,60
Terastal Terapagos,Normal,None,9,95,95,110,105,110,85
Stellar Terapagos,Normal,None,9,160,105,110,130,110,85
Pecharunt,Poison,Ghost,9,88,88,160,88,88,88